Title,Url,VisitCount,LastVisitTime
仙女棒搜索结果 - 鲍鱼TV - BY1259.com,https://www.byarv6u18klw9oq8680w9.com:52789/index.php/vod/search.html?wd=%E4%BB%99%E5%A5%B3%E6%A3%92&submit=,3,2021-04-05T11:33:56.258824+08:00
Mojang Studios帐户,https://account.mojang.com/login,3,2021-04-10T06:28:45.950939+08:00
mojang - Google 搜索,https://www.google.com/search?q=mojang&oq=mojang&aqs=chrome..69i57j0l9.1143j0j7&sourceid=chrome&ie=UTF-8,2,2021-04-10T06:20:45.939401+08:00
20岁短发小美女阴道被秘密射精1-FC2-PPV-1749306 - 鲍鱼TV - BY1259.com,https://www.bymo123dbbowl7e7wy5nsypxv.com:52789/index.php/vod/play/id/134408/sid/1/nid/1.html,2,2021-05-12T12:24:04.776006+08:00
Mojang Studios帐户,https://account.mojang.com/changeemail/request,2,2021-04-10T06:25:31.982195+08:00
Mojang Studios帐户,https://account.mojang.com/me/settings,2,2021-04-10T06:25:27.614671+08:00
Anonymous File Upload - AnonFiles,http://anonfile.com/,1,2021-03-24T17:03:08.902606+08:00
麻酥酥哟–仙女棒多次喷水 - 鲍鱼TV - BY1259.com,https://www.byarv6u18klw9oq8680w9.com:52789/index.php/vod/play/id/91789/sid/1/nid/1.html,1,2021-04-05T11:34:05.520391+08:00
微博女神小胖丁-民国风仙女棒 - 鲍鱼TV - BY1259.com,https://www.byarv6u18klw9oq8680w9.com:52789/index.php/vod/play/id/104489/sid/1/nid/1.html,1,2021-04-05T11:33:43.879958+08:00
Mojang Studios Account,https://account.mojang.com/,1,2021-04-10T06:20:48.844329+08:00
萌妹有喵酱-仙女棒插嫩穴喷水高潮 - 鲍鱼TV - BY1259.com,https://www.byarv6u18klw9oq8680w9.com:52789/index.php/vod/play/id/123409/sid/1/nid/1.html,1,2021-04-05T11:30:16.711761+08:00
Mojang Studios Account,https://account.mojang.com/me,1,2021-04-10T06:21:07.818062+08:00
鲍鱼TV - BY1259.com,https://www.byarv6u18klw9oq8680w9.com:52789/,1,2021-04-05T11:30:04.782315+08:00
by1137.com,http://by1137.com/,1,2021-04-05T11:30:02.883006+08:00
Mojang Studios Account,https://account.mojang.com/changeemail/b885729125b44ff0bd5336781c4507ae,1,2021-04-10T06:24:55.748598+08:00
Mojang Studios帐户,https://account.mojang.com/changeemail/0fcd11af70ef43c1b5adbd22ca9f3b38,1,2021-04-10T06:28:45.950939+08:00
Anonymous File Upload - AnonFiles,https://anonfiles.com/,1,2021-03-24T17:03:08.902606+08:00
www.by1181.com,http://bybybby1.com/?v=1&f=QiangZhiTiaoZhuan&path=/index.php/vod/play/id/134408/sid/1/nid/1.html,1,2021-05-12T12:22:11.710893+08:00
www.by1181.com,http://www.by1181.com/?u=0.8801573944968395&path=/index.php/vod/play/id/134408/sid/1/nid/1.html,1,2021-05-12T12:22:12.202605+08:00
