ID,Name,Type,URL,DateAdded
23,数据恢复,url,http://hf.jk2245.com/,2022-03-09T16:04:22+08:00
22,淘宝,url,http://tb.jk2245.com/,2022-02-15T10:14:58+08:00
15,学习办公,url,http://wk.jk2245.com/,2021-12-30T18:06:16+08:00
21,游戏娱乐,url,http://yx.jk2245.com/,2021-12-30T18:05:38+08:00
19,影视大全,url,http://movie.jk2245.com/,2021-12-30T18:05:24+08:00
12,系统装机大师,url,http://jkg.jk2245.com/,2021-12-30T18:05:16+08:00
16,网址导航,url,http://2345.jk2245.com/,2021-12-30T18:05:08+08:00
18,头条新闻,url,http://news.jk2245.com/,2021-12-30T18:05:00+08:00
13,天猫,url,http://tm.jk2245.com/,2021-12-30T18:04:54+08:00
20,热门小说,url,http://novel.jk2245.com/,2021-12-30T18:04:42+08:00
14,京东,url,http://jd.jk2245.com/,2021-12-30T18:04:36+08:00
17,百度搜索,url,http://bd.jk2245.com/,2021-12-30T18:04:06+08:00
11,关于我们,url,https://www.mozilla.org/zh-CN/about/,2021-02-27T14:56:57+08:00
10,参与进来,url,https://www.mozilla.org/zh-CN/contribute/,2021-02-27T14:56:57+08:00
9,自定义 Firefox,url,https://support.mozilla.org/zh-CN/kb/customize-firefox-controls-buttons-and-toolbars?utm_source=firefox-browser&utm_medium=default-bookmarks&utm_campaign=customize,2021-02-27T14:56:57+08:00
8,帮助和教程,url,https://support.mozilla.org/zh-CN/products/firefox,2021-02-27T14:56:57+08:00
